id;name;path;request_example;response_example;date_create;description
1;innovate groupware;deposit Concrete PNG;Virginia Wooden;Borders Secured transform;2023-02-15;synergy Concrete
2;Tactics;Arkansas Integration;calculate Account SDD;Legacy West;2023-02-14;innovative
3;SSL forecast SDD;Music;Steel Handcrafted microchip;streamline;2023-02-15;generate
4;system;program Supervisor;Cambridgeshire Movies Concrete;experiences didactic;2023-02-15;Optimized payment
5;Soap GB;Dynamic secondary HTTP;parsing;Croatian;2023-02-14;Borders Fish
6;override Manager Buckinghamshire;SAS;bluetooth;Avon;2023-02-14;Chair
7;Greenland Route copying;Security;Sleek Sharable;overriding;2023-02-14;connect connect Concrete
8;dot-com generate Dollar;integrate;Facilitator;payment;2023-02-15;Computer Re-engineered Licensed
9;navigate Gorgeous;Steel Corporate;Managed;payment Cayman architect;2023-02-14;Handmade Cambridgeshire
10;Causeway;Soap proactive;engineer JBOD;Fantastic;2023-02-14;methodologies payment
