id;full_name;code;user_name;email;phone_number;date_of_birth;home_phome;address;wards;district;province;join_date;married;gender;description;jobtitle_name
1;Savings Automotive;Sports deposit;hacking cultivate Global;Deon_Hickle37@hotmail.com;Kansas Bike;Response;mobile;Wooden Loan Faroe;Clothing Hat;extensible;Iowa Outdoors indexing;infomediaries;UAE real-time mobile;encryption;payment;encoding withdrawal
2;Soft Rupee Cheese;Accountability;haptic;Charity.Howell37@yahoo.com;middleware Awesome Togo;web-enabled Applications orchestration;Home Avon Fresh;blockchains;Handmade;system Guadeloupe Via;compressing transform Oregon;Developer exploit Liaison;deploy Health;efficient;digital withdrawal;Self-enabling
3;Consultant Self-enabling Plains;invoice;Cheese Global Tuna;Adeline.Reichert@yahoo.com;Cambridgeshire;Seamless Computers;orchid;purple quantifying;Metrics challenge;Corporate Metal Sausages;payment Auto South;application Wooden;Pennsylvania;override;yellow protocol;turn-key
4;attitude;area upward-trending;Movies matrix;Brooke_Nicolas92@yahoo.com;Health multi-byte;Assurance Jewelery Wooden;redefine Rand Cotton;HDD;1080p Montenegro;Savings uniform empower;Oklahoma;Gorgeous synergistic;Agent;Hawaii Roads synthesize;Borders engage Small;Clothing
5;withdrawal;Mouse multimedia Frozen;deliverables;Ryleigh.Sporer@gmail.com;Rustic;Sports Bedfordshire;directional Integration;Forward Fresh SMTP;Accountability;Incredible;PCI;Dynamic programming;Maine structure;Loan Electronics Cambridgeshire;Outdoors Garden;Squares Ohio Credit
6;navigating open-source;migration tertiary;system Uzbekistan one-to-one;Queenie_Cronin29@yahoo.com;Car;Corporate e-tailers;fuchsia;Account Steel Pennsylvania;invoice up Bedfordshire;out-of-the-box Lead Oklahoma;wireless evolve;invoice Fresh;dot-com improvement;Applications Factors Incredible;Optimization;sensor monitor sensor
7;back-end;mindshare;Metal copying Regional;Uriah.West39@gmail.com;Awesome;B2C SSL;silver Cambridgeshire Islands;Drive Incredible SCSI;Granite Generic Account;Leone;CSS;embrace;parse cross-platform;one-to-one;Cotton Metal cross-platform;Executive compressing
8;Upgradable;synthesizing;compressing 24/7;Jayson92@yahoo.com;withdrawal;drive;Fish Movies;input Illinois;Mobility;Unions Principal Executive;turn-key Gorgeous;TCP;bricks-and-clicks olive;zero purple aggregate;niches;1080p
9;Dominica;Concrete;online Soap;Tess.McKenzie56@gmail.com;Metal Strategist adapter;Pennsylvania;Corporate Niue;Avon;Buckinghamshire;Chips Toys;Buckinghamshire Fantastic;Outdoors;ivory;deploy;green;next-generation Granite
10;hack;infrastructure Malta modular;Avon partnerships;Macie.Hessel@gmail.com;action-items;Avon synthesizing;Buckinghamshire Lead;Ports;secondary system Home;deposit Wooden Ruble;policy deposit California;system Research Bedfordshire;Pa'anga;Indonesia Maine;networks;TCP
